{"access_token": "ya29.GlzRBS57gLSEKSaR---ZCrDA7ZuK9c3JXwShtEuIhQsEDfZj9tKuU_mj16Ta9mNviTJZBHl7LCSfu02CjI2FTri8pu5RGWRIBE1Yzl8HZJzTPyk_oOGPimUVeynLSQ", "client_id": "1098314272915-1l4qh8js2noleh6bkv4hncforvbrsvm8.apps.googleusercontent.com", "client_secret": "LCRzvUrfMzVBBRY6mvk2aS36", "refresh_token": "1/eXnWEjVw1c8M3_QiaYZkNJU3OHoy9RFS3I7jNONgykE", "token_expiry": "2018-06-05T16:36:05Z", "token_uri": "https://accounts.google.com/o/oauth2/token", "user_agent": "gmail python api", "revoke_uri": "https://accounts.google.com/o/oauth2/revoke", "id_token": null, "id_token_jwt": null, "token_response": {"access_token": "ya29.GlzRBS57gLSEKSaR---ZCrDA7ZuK9c3JXwShtEuIhQsEDfZj9tKuU_mj16Ta9mNviTJZBHl7LCSfu02CjI2FTri8pu5RGWRIBE1Yzl8HZJzTPyk_oOGPimUVeynLSQ", "expires_in": 3600, "token_type": "Bearer"}, "scopes": ["https://mail.google.com/"], "token_info_uri": "https://www.googleapis.com/oauth2/v3/tokeninfo", "invalid": false, "_class": "OAuth2Credentials", "_module": "oauth2client.client"}