{"access_token": "ya29.GlzHBezzAe0yyxMjER-uiK_qV2GfYtpqzABNG4pr4mLGABbnglWKltvP2qyD296JL4711i2OJO2YKfcBa8ceEVYnF8YUxJjhEMdikb60NbuBEiypdmb6qBEwvOXzRA", "client_id": "1098314272915-1l4qh8js2noleh6bkv4hncforvbrsvm8.apps.googleusercontent.com", "client_secret": "LCRzvUrfMzVBBRY6mvk2aS36", "refresh_token": "1/eXnWEjVw1c8M3_QiaYZkNJU3OHoy9RFS3I7jNONgykE", "token_expiry": "2018-05-26T18:34:05Z", "token_uri": "https://accounts.google.com/o/oauth2/token", "user_agent": "gmail python api", "revoke_uri": "https://accounts.google.com/o/oauth2/revoke", "id_token": null, "id_token_jwt": null, "token_response": {"access_token": "ya29.GlzHBezzAe0yyxMjER-uiK_qV2GfYtpqzABNG4pr4mLGABbnglWKltvP2qyD296JL4711i2OJO2YKfcBa8ceEVYnF8YUxJjhEMdikb60NbuBEiypdmb6qBEwvOXzRA", "expires_in": 3600, "token_type": "Bearer"}, "scopes": ["https://mail.google.com/"], "token_info_uri": "https://www.googleapis.com/oauth2/v3/tokeninfo", "invalid": false, "_class": "OAuth2Credentials", "_module": "oauth2client.client"}